ReferenceConduit,execute,78858,2281825,469732,6
ReferenceConduit,executeWithBatch1155,104914,377451,272370,3
ReferenceConduitController,createConduit,871760,871904,871892,31
ReferenceConduitController,updateChannel,36120,120769,106668,19
ReferenceConsideration,cancel,49056,66228,61850,16
ReferenceConsideration,fulfillAdvancedOrder,110072,235116,174742,112
ReferenceConsideration,fulfillAvailableAdvancedOrders,196778,279189,243526,16
ReferenceConsideration,fulfillAvailableOrders,196361,279893,246016,13
ReferenceConsideration,fulfillBasicOrder,108093,4276064,1592183,160
ReferenceConsideration,fulfillOrder,108715,233850,186972,105
ReferenceConsideration,matchAdvancedOrders,239944,308032,290559,67
ReferenceConsideration,matchOrders,183040,420395,304010,105
ReferenceConsideration,validate,67902,74672,72008,21
Conduit,execute,78300,2201676,455612,6
Conduit,executeWithBatch1155,100500,370893,267223,3
ConduitController,createConduit,723522,723666,723653,31
ConduitController,updateChannel,36079,120728,106630,19
Seaport,cancel,44124,61272,56915,16
Seaport,fulfillAdvancedOrder,104014,209669,162951,112
Seaport,fulfillAvailableAdvancedOrders,173305,229465,205136,16
Seaport,fulfillAvailableOrders,172879,229282,206787,13
Seaport,fulfillBasicOrder,93563,1624267,665050,160
Seaport,fulfillOrder,102728,213402,174621,105
Seaport,matchAdvancedOrders,206604,272820,255463,67
Seaport,matchOrders,166719,366939,268319,105
Seaport,validate,58025,69440,67068,21
